,interaction,reward,relative_interaction,hyp_discovered_before,scenario_number,datetime
0,1.0,1.562,-17.0,-5.0,4,2024-01-26_20-57-23
1,2.0,-3.571,-16.0,-5.0,4,2024-01-26_20-57-23
2,3.0,0.0,-15.0,-5.0,4,2024-01-26_20-57-23
3,4.0,-3.571,-14.0,-5.0,4,2024-01-26_20-57-23
4,5.0,0.0,-13.0,-5.0,4,2024-01-26_20-57-23
5,6.0,-2.857,-12.0,-5.0,4,2024-01-26_20-57-23
6,7.0,3.571,-11.0,-5.0,4,2024-01-26_20-57-23
7,8.0,3.81,-10.0,-5.0,4,2024-01-26_20-57-23
8,9.0,0.0,-9.0,-5.0,4,2024-01-26_20-57-23
9,10.0,-3.846,-8.0,-5.0,4,2024-01-26_20-57-23
10,11.0,3.429,-7.0,-5.0,4,2024-01-26_20-57-23
11,12.0,3.571,-6.0,-5.0,4,2024-01-26_20-57-23
12,13.0,4.0,-5.0,-5.0,4,2024-01-26_20-57-23
13,14.0,3.636,-4.0,-5.0,4,2024-01-26_20-57-23
14,15.0,0.0,-3.0,-5.0,4,2024-01-26_20-57-23
15,16.0,3.571,-2.0,-5.0,4,2024-01-26_20-57-23
16,17.0,2.5,-1.0,-5.0,4,2024-01-26_20-57-23
17,18.0,3.429,0.0,-5.0,4,2024-01-26_20-57-23
18,19.0,4.0,,-5.0,4,2024-01-26_20-57-23
19,20.0,0.0,,-5.0,4,2024-01-26_20-57-23
20,21.0,3.429,,-5.0,4,2024-01-26_20-57-23
21,22.0,3.956,,-5.0,4,2024-01-26_20-57-23
22,23.0,3.571,,-5.0,4,2024-01-26_20-57-23
23,24.0,4.375,,-5.0,4,2024-01-26_20-57-23
24,25.0,4.0,7.0,-5.0,4,2024-01-26_20-57-23
25,1.0,-1.167,-13.0,6.0,2,2024-01-27_00-24-00
26,2.0,3.571,-12.0,6.0,2,2024-01-27_00-24-00
27,3.0,-4.167,-11.0,6.0,2,2024-01-27_00-24-00
28,4.0,0.781,-10.0,6.0,2,2024-01-27_00-24-00
29,5.0,3.571,-9.0,6.0,2,2024-01-27_00-24-00
30,6.0,2.344,-8.0,6.0,2,2024-01-27_00-24-00
31,7.0,0.0,-7.0,6.0,2,2024-01-27_00-24-00
32,8.0,0.893,-6.0,6.0,2,2024-01-27_00-24-00
33,9.0,-2.857,-5.0,6.0,2,2024-01-27_00-24-00
34,10.0,1.27,-4.0,6.0,2,2024-01-27_00-24-00
35,11.0,3.571,-3.0,6.0,2,2024-01-27_00-24-00
36,12.0,3.81,-2.0,6.0,2,2024-01-27_00-24-00
37,13.0,-2.841,-1.0,6.0,2,2024-01-27_00-24-00
38,14.0,-1.786,0.0,6.0,2,2024-01-27_00-24-00
39,15.0,0.625,,6.0,2,2024-01-27_00-24-00
40,16.0,0.0,,6.0,2,2024-01-27_00-24-00
41,17.0,0.0,,6.0,2,2024-01-27_00-24-00
42,18.0,3.125,,6.0,2,2024-01-27_00-24-00
43,19.0,2.727,,6.0,2,2024-01-27_00-24-00
44,20.0,-3.81,,6.0,2,2024-01-27_00-24-00
45,21.0,-3.333,,6.0,2,2024-01-27_00-24-00
46,22.0,-3.81,,6.0,2,2024-01-27_00-24-00
47,23.0,3.81,,6.0,2,2024-01-27_00-24-00
48,24.0,-2.5,,6.0,2,2024-01-27_00-24-00
49,25.0,-3.571,,6.0,2,2024-01-27_00-24-00
50,26.0,-3.333,,6.0,2,2024-01-27_00-24-00
51,27.0,1.786,,6.0,2,2024-01-27_00-24-00
52,28.0,0.0,,6.0,2,2024-01-27_00-24-00
53,29.0,3.81,,6.0,2,2024-01-27_00-24-00
54,30.0,-3.125,,6.0,2,2024-01-27_00-24-00
55,31.0,3.333,,6.0,2,2024-01-27_00-24-00
56,32.0,-3.571,,6.0,2,2024-01-27_00-24-00
57,33.0,-2.344,,6.0,2,2024-01-27_00-24-00
58,34.0,-3.571,20.0,6.0,2,2024-01-27_00-24-00
59,35.0,-1.75,,6.0,2,2024-01-27_00-24-00
60,36.0,-3.0,,6.0,2,2024-01-27_00-24-00
61,37.0,-3.906,,6.0,2,2024-01-27_00-24-00
62,38.0,3.571,,6.0,2,2024-01-27_00-24-00
63,39.0,-3.81,,6.0,2,2024-01-27_00-24-00
64,40.0,3.333,,6.0,2,2024-01-27_00-24-00
65,41.0,-1.667,,6.0,2,2024-01-27_00-24-00
66,1.0,2.273,-9.0,-7.0,6,2024-01-26_23-42-09
67,2.0,0.0,-8.0,-7.0,6,2024-01-26_23-42-09
68,3.0,0.0,-7.0,-7.0,6,2024-01-26_23-42-09
69,4.0,4.167,-6.0,-7.0,6,2024-01-26_23-42-09
70,5.0,3.571,-5.0,-7.0,6,2024-01-26_23-42-09
71,6.0,3.571,-4.0,-7.0,6,2024-01-26_23-42-09
72,7.0,1.364,-3.0,-7.0,6,2024-01-26_23-42-09
73,8.0,4.0,-2.0,-7.0,6,2024-01-26_23-42-09
74,9.0,3.333,-1.0,-7.0,6,2024-01-26_23-42-09
75,10.0,1.0,0.0,-7.0,6,2024-01-26_23-42-09
76,11.0,2.5,1.0,-7.0,6,2024-01-26_23-42-09
77,12.0,4.167,2.0,-7.0,6,2024-01-26_23-42-09
78,13.0,3.636,3.0,-7.0,6,2024-01-26_23-42-09
79,14.0,3.571,4.0,-7.0,6,2024-01-26_23-42-09
80,15.0,2.5,5.0,-7.0,6,2024-01-26_23-42-09
81,16.0,3.571,6.0,-7.0,6,2024-01-26_23-42-09
82,17.0,4.167,7.0,-7.0,6,2024-01-26_23-42-09
83,1.0,3.81,-20.0,-4.0,1,2024-01-26_21-05-33
84,2.0,3.571,-19.0,-4.0,1,2024-01-26_21-05-33
85,3.0,1.25,-18.0,-4.0,1,2024-01-26_21-05-33
86,4.0,1.562,-17.0,-4.0,1,2024-01-26_21-05-33
87,5.0,3.81,-16.0,-4.0,1,2024-01-26_21-05-33
88,6.0,0.0,-15.0,-4.0,1,2024-01-26_21-05-33
89,7.0,-3.81,-14.0,-4.0,1,2024-01-26_21-05-33
90,8.0,0.0,-13.0,-4.0,1,2024-01-26_21-05-33
91,9.0,3.125,-12.0,-4.0,1,2024-01-26_21-05-33
92,10.0,3.81,-11.0,-4.0,1,2024-01-26_21-05-33
93,11.0,0.0,-10.0,-4.0,1,2024-01-26_21-05-33
94,12.0,0.0,-9.0,-4.0,1,2024-01-26_21-05-33
95,13.0,-3.571,-8.0,-4.0,1,2024-01-26_21-05-33
96,14.0,-0.4,-7.0,-4.0,1,2024-01-26_21-05-33
97,15.0,0.0,-6.0,-4.0,1,2024-01-26_21-05-33
98,16.0,-3.125,-5.0,-4.0,1,2024-01-26_21-05-33
99,17.0,-0.893,-4.0,-4.0,1,2024-01-26_21-05-33
100,18.0,3.571,-3.0,-4.0,1,2024-01-26_21-05-33
101,19.0,3.333,-2.0,-4.0,1,2024-01-26_21-05-33
102,20.0,4.0,-1.0,-4.0,1,2024-01-26_21-05-33
103,21.0,0.0,0.0,-4.0,1,2024-01-26_21-05-33
104,22.0,3.906,1.0,-4.0,1,2024-01-26_21-05-33
105,23.0,3.117,2.0,-4.0,1,2024-01-26_21-05-33
106,24.0,3.81,3.0,-4.0,1,2024-01-26_21-05-33
107,25.0,3.571,4.0,-4.0,1,2024-01-26_21-05-33
108,26.0,3.125,5.0,-4.0,1,2024-01-26_21-05-33
109,27.0,-4.444,,-4.0,1,2024-01-26_21-05-33
110,28.0,0.833,,-4.0,1,2024-01-26_21-05-33
111,29.0,3.906,,-4.0,1,2024-01-26_21-05-33
112,1.0,-3.117,-7.0,-4.0,7,2024-01-26_22-58-17
113,2.0,3.81,-6.0,-4.0,7,2024-01-26_22-58-17
114,3.0,0.0,-5.0,-4.0,7,2024-01-26_22-58-17
115,4.0,2.5,-4.0,-4.0,7,2024-01-26_22-58-17
116,5.0,3.636,-3.0,-4.0,7,2024-01-26_22-58-17
117,6.0,4.0,-2.0,-4.0,7,2024-01-26_22-58-17
118,7.0,4.167,-1.0,-4.0,7,2024-01-26_22-58-17
119,8.0,1.591,0.0,-4.0,7,2024-01-26_22-58-17
120,9.0,3.636,1.0,-4.0,7,2024-01-26_22-58-17
121,10.0,3.977,2.0,-4.0,7,2024-01-26_22-58-17
122,11.0,2.667,3.0,-4.0,7,2024-01-26_22-58-17
123,12.0,3.977,4.0,-4.0,7,2024-01-26_22-58-17
124,13.0,3.333,,-4.0,7,2024-01-26_22-58-17
125,14.0,3.977,,-4.0,7,2024-01-26_22-58-17
126,15.0,3.81,,-4.0,7,2024-01-26_22-58-17
127,16.0,3.636,,-4.0,7,2024-01-26_22-58-17
128,17.0,4.167,,-4.0,7,2024-01-26_22-58-17
129,18.0,3.333,,-4.0,7,2024-01-26_22-58-17
130,19.0,1.429,,-4.0,7,2024-01-26_22-58-17
131,20.0,-0.364,,-4.0,7,2024-01-26_22-58-17
132,1.0,1.562,,,5,2024-01-26_23-00-47
133,2.0,0.0,,,5,2024-01-26_23-00-47
134,3.0,0.875,,,5,2024-01-26_23-00-47
135,4.0,1.455,,,5,2024-01-26_23-00-47
136,5.0,0.992,,,5,2024-01-26_23-00-47
137,6.0,0.0,,,5,2024-01-26_23-00-47
138,7.0,1.429,,,5,2024-01-26_23-00-47
139,8.0,1.429,,,5,2024-01-26_23-00-47
140,9.0,1.667,,,5,2024-01-26_23-00-47
141,10.0,1.143,,,5,2024-01-26_23-00-47
142,11.0,0.182,,,5,2024-01-26_23-00-47
143,12.0,-0.769,,,5,2024-01-26_23-00-47
144,13.0,-1.714,,,5,2024-01-26_23-00-47
145,14.0,2.286,,,5,2024-01-26_23-00-47
146,1.0,1.333,-5.0,3.0,0,2024-01-27_00-02-07
147,2.0,0.0,-4.0,3.0,0,2024-01-27_00-02-07
148,3.0,3.125,-3.0,3.0,0,2024-01-27_00-02-07
149,4.0,3.906,-2.0,3.0,0,2024-01-27_00-02-07
150,5.0,2.625,-1.0,3.0,0,2024-01-27_00-02-07
151,6.0,3.571,0.0,3.0,0,2024-01-27_00-02-07
152,7.0,3.5,1.0,3.0,0,2024-01-27_00-02-07
153,8.0,4.0,,3.0,0,2024-01-27_00-02-07
154,9.0,0.0,,3.0,0,2024-01-27_00-02-07
155,10.0,4.375,,3.0,0,2024-01-27_00-02-07
156,11.0,3.571,,3.0,0,2024-01-27_00-02-07
157,12.0,3.906,,3.0,0,2024-01-27_00-02-07
158,13.0,1.562,7.0,3.0,0,2024-01-27_00-02-07
159,14.0,3.571,,3.0,0,2024-01-27_00-02-07
160,15.0,3.571,,3.0,0,2024-01-27_00-02-07
161,16.0,3.906,,3.0,0,2024-01-27_00-02-07
162,17.0,4.167,,3.0,0,2024-01-27_00-02-07
163,18.0,3.0,12.0,3.0,0,2024-01-27_00-02-07
164,19.0,3.571,13.0,3.0,0,2024-01-27_00-02-07
165,20.0,3.333,14.0,3.0,0,2024-01-27_00-02-07
166,21.0,1.389,15.0,3.0,0,2024-01-27_00-02-07
167,22.0,1.429,16.0,3.0,0,2024-01-27_00-02-07
168,23.0,3.571,17.0,3.0,0,2024-01-27_00-02-07
169,24.0,3.81,18.0,3.0,0,2024-01-27_00-02-07
170,25.0,3.81,19.0,3.0,0,2024-01-27_00-02-07
171,26.0,3.571,20.0,3.0,0,2024-01-27_00-02-07
172,27.0,3.571,21.0,3.0,0,2024-01-27_00-02-07
173,28.0,4.0,22.0,3.0,0,2024-01-27_00-02-07
174,29.0,4.0,23.0,3.0,0,2024-01-27_00-02-07
175,30.0,3.571,24.0,3.0,0,2024-01-27_00-02-07
176,31.0,4.167,25.0,3.0,0,2024-01-27_00-02-07
177,32.0,3.81,26.0,3.0,0,2024-01-27_00-02-07
178,33.0,3.571,27.0,3.0,0,2024-01-27_00-02-07
179,34.0,3.906,28.0,3.0,0,2024-01-27_00-02-07
180,35.0,-2.5,29.0,3.0,0,2024-01-27_00-02-07
181,36.0,3.906,30.0,3.0,0,2024-01-27_00-02-07
182,37.0,4.167,31.0,3.0,0,2024-01-27_00-02-07
183,38.0,3.571,32.0,3.0,0,2024-01-27_00-02-07
184,39.0,3.571,33.0,3.0,0,2024-01-27_00-02-07
185,40.0,4.0,34.0,3.0,0,2024-01-27_00-02-07
186,41.0,3.571,,3.0,0,2024-01-27_00-02-07
187,42.0,4.167,,3.0,0,2024-01-27_00-02-07
188,43.0,4.444,,3.0,0,2024-01-27_00-02-07
189,1.0,-3.571,-7.0,-4.0,7,2024-01-27_00-40-23
190,2.0,0.833,-6.0,-4.0,7,2024-01-27_00-40-23
191,3.0,-3.81,-5.0,-4.0,7,2024-01-27_00-40-23
192,4.0,3.81,-4.0,-4.0,7,2024-01-27_00-40-23
193,5.0,3.81,-3.0,-4.0,7,2024-01-27_00-40-23
194,6.0,3.571,-2.0,-4.0,7,2024-01-27_00-40-23
195,7.0,3.571,-1.0,-4.0,7,2024-01-27_00-40-23
196,8.0,3.81,0.0,-4.0,7,2024-01-27_00-40-23
197,9.0,4.167,,-4.0,7,2024-01-27_00-40-23
198,10.0,0.0,,-4.0,7,2024-01-27_00-40-23
199,11.0,3.906,,-4.0,7,2024-01-27_00-40-23
200,12.0,3.81,,-4.0,7,2024-01-27_00-40-23
201,13.0,4.0,5.0,-4.0,7,2024-01-27_00-40-23
202,14.0,4.444,6.0,-4.0,7,2024-01-27_00-40-23
203,15.0,3.81,7.0,-4.0,7,2024-01-27_00-40-23
204,16.0,3.571,,-4.0,7,2024-01-27_00-40-23
205,17.0,4.444,,-4.0,7,2024-01-27_00-40-23
206,18.0,3.81,,-4.0,7,2024-01-27_00-40-23
207,19.0,4.167,,-4.0,7,2024-01-27_00-40-23
208,20.0,4.167,12.0,-4.0,7,2024-01-27_00-40-23
209,21.0,3.81,13.0,-4.0,7,2024-01-27_00-40-23
210,22.0,3.125,14.0,-4.0,7,2024-01-27_00-40-23
211,23.0,4.0,15.0,-4.0,7,2024-01-27_00-40-23
212,24.0,4.167,16.0,-4.0,7,2024-01-27_00-40-23
213,25.0,4.167,17.0,-4.0,7,2024-01-27_00-40-23
214,26.0,4.167,18.0,-4.0,7,2024-01-27_00-40-23
215,27.0,2.667,19.0,-4.0,7,2024-01-27_00-40-23
216,28.0,3.571,20.0,-4.0,7,2024-01-27_00-40-23
217,29.0,1.562,21.0,-4.0,7,2024-01-27_00-40-23
218,30.0,4.0,22.0,-4.0,7,2024-01-27_00-40-23
219,31.0,3.81,23.0,-4.0,7,2024-01-27_00-40-23
220,32.0,3.571,,-4.0,7,2024-01-27_00-40-23
221,33.0,3.81,,-4.0,7,2024-01-27_00-40-23
222,34.0,3.571,,-4.0,7,2024-01-27_00-40-23
223,35.0,2.667,27.0,-4.0,7,2024-01-27_00-40-23
224,1.0,1.905,-5.0,-5.0,7,2024-01-26_23-35-15
225,2.0,-1.111,-4.0,-5.0,7,2024-01-26_23-35-15
226,3.0,2.5,-3.0,-5.0,7,2024-01-26_23-35-15
227,4.0,3.571,-2.0,-5.0,7,2024-01-26_23-35-15
228,5.0,4.444,-1.0,-5.0,7,2024-01-26_23-35-15
229,6.0,3.906,0.0,-5.0,7,2024-01-26_23-35-15
230,7.0,4.375,1.0,-5.0,7,2024-01-26_23-35-15
231,8.0,3.906,2.0,-5.0,7,2024-01-26_23-35-15
232,9.0,4.156,,-5.0,7,2024-01-26_23-35-15
233,10.0,4.0,,-5.0,7,2024-01-26_23-35-15
234,11.0,0.0,,-5.0,7,2024-01-26_23-35-15
235,12.0,0.0,,-5.0,7,2024-01-26_23-35-15
236,13.0,4.286,7.0,-5.0,7,2024-01-26_23-35-15
237,14.0,3.571,8.0,-5.0,7,2024-01-26_23-35-15
238,15.0,3.81,9.0,-5.0,7,2024-01-26_23-35-15
239,16.0,4.667,10.0,-5.0,7,2024-01-26_23-35-15
240,1.0,1.429,,,5,2024-01-27_00-06-57
241,2.0,1.039,,,5,2024-01-27_00-06-57
242,3.0,1.714,,,5,2024-01-27_00-06-57
243,4.0,-0.879,,,5,2024-01-27_00-06-57
244,5.0,0.952,,,5,2024-01-27_00-06-57
245,6.0,-3.125,,,5,2024-01-27_00-06-57
246,7.0,1.714,,,5,2024-01-27_00-06-57
247,8.0,-1.111,,,5,2024-01-27_00-06-57
248,9.0,1.0,,,5,2024-01-27_00-06-57
249,10.0,-0.556,,,5,2024-01-27_00-06-57
250,11.0,1.27,,,5,2024-01-27_00-06-57
251,12.0,2.778,,,5,2024-01-27_00-06-57
252,13.0,1.714,,,5,2024-01-27_00-06-57
253,14.0,-2.54,,,5,2024-01-27_00-06-57
254,15.0,1.039,,,5,2024-01-27_00-06-57
255,16.0,1.633,,,5,2024-01-27_00-06-57
256,17.0,-3.175,,,5,2024-01-27_00-06-57
257,18.0,1.481,,,5,2024-01-27_00-06-57
258,19.0,0.875,,,5,2024-01-27_00-06-57
259,20.0,-0.615,,,5,2024-01-27_00-06-57
260,21.0,-2.597,,,5,2024-01-27_00-06-57
261,22.0,0.741,,,5,2024-01-27_00-06-57
262,23.0,0.625,,,5,2024-01-27_00-06-57
263,24.0,1.705,,,5,2024-01-27_00-06-57
264,25.0,1.714,,,5,2024-01-27_00-06-57
265,26.0,-0.167,,,5,2024-01-27_00-06-57
266,27.0,-2.54,,,5,2024-01-27_00-06-57
267,1.0,1.455,-9.0,-1.0,3,2024-01-26_23-30-12
268,2.0,0.0,-8.0,-1.0,3,2024-01-26_23-30-12
269,3.0,0.0,-7.0,-1.0,3,2024-01-26_23-30-12
270,4.0,0.0,-6.0,-1.0,3,2024-01-26_23-30-12
271,5.0,-3.5,-5.0,-1.0,3,2024-01-26_23-30-12
272,6.0,-0.7,-4.0,-1.0,3,2024-01-26_23-30-12
273,7.0,-1.562,-3.0,-1.0,3,2024-01-26_23-30-12
274,8.0,2.5,-2.0,-1.0,3,2024-01-26_23-30-12
275,9.0,0.0,-1.0,-1.0,3,2024-01-26_23-30-12
276,10.0,-4.167,0.0,-1.0,3,2024-01-26_23-30-12
277,11.0,-0.893,,-1.0,3,2024-01-26_23-30-12
278,12.0,-4.0,,-1.0,3,2024-01-26_23-30-12
279,13.0,3.111,,-1.0,3,2024-01-26_23-30-12
280,14.0,3.571,,-1.0,3,2024-01-26_23-30-12
281,15.0,0.0,,-1.0,3,2024-01-26_23-30-12
282,16.0,4.0,6.0,-1.0,3,2024-01-26_23-30-12
283,17.0,3.571,,-1.0,3,2024-01-26_23-30-12
284,18.0,-0.893,,-1.0,3,2024-01-26_23-30-12
285,19.0,-2.5,,-1.0,3,2024-01-26_23-30-12
286,20.0,3.571,,-1.0,3,2024-01-26_23-30-12
287,1.0,1.453,-8.0,2.0,5,2024-01-27_01-24-19
288,2.0,2.375,-7.0,2.0,5,2024-01-27_01-24-19
289,3.0,2.078,-6.0,2.0,5,2024-01-27_01-24-19
290,4.0,3.125,-5.0,2.0,5,2024-01-27_01-24-19
291,5.0,2.604,-4.0,2.0,5,2024-01-27_01-24-19
292,6.0,1.5,-3.0,2.0,5,2024-01-27_01-24-19
293,7.0,-2.0,-2.0,2.0,5,2024-01-27_01-24-19
294,8.0,3.333,-1.0,2.0,5,2024-01-27_01-24-19
295,9.0,3.333,0.0,2.0,5,2024-01-27_01-24-19
296,10.0,-1.077,,2.0,5,2024-01-27_01-24-19
297,11.0,3.333,,2.0,5,2024-01-27_01-24-19
298,12.0,2.597,,2.0,5,2024-01-27_01-24-19
299,13.0,2.344,,2.0,5,2024-01-27_01-24-19
300,14.0,-2.5,,2.0,5,2024-01-27_01-24-19
301,15.0,1.481,,2.0,5,2024-01-27_01-24-19
302,16.0,2.778,,2.0,5,2024-01-27_01-24-19
303,17.0,2.273,,2.0,5,2024-01-27_01-24-19
304,18.0,0.0,,2.0,5,2024-01-27_01-24-19
305,19.0,0.5,,2.0,5,2024-01-27_01-24-19
306,20.0,0.994,,2.0,5,2024-01-27_01-24-19
307,21.0,2.222,,2.0,5,2024-01-27_01-24-19
308,22.0,3.111,,2.0,5,2024-01-27_01-24-19
309,23.0,1.75,,2.0,5,2024-01-27_01-24-19
310,24.0,2.273,,2.0,5,2024-01-27_01-24-19
311,25.0,2.8,16.0,2.0,5,2024-01-27_01-24-19
312,1.0,-1.667,-13.0,-11.0,1,2024-01-26_22-59-53
313,2.0,2.963,-12.0,-11.0,1,2024-01-26_22-59-53
314,3.0,-3.704,-11.0,-11.0,1,2024-01-26_22-59-53
315,4.0,0.0,-10.0,-11.0,1,2024-01-26_22-59-53
316,5.0,-4.0,-9.0,-11.0,1,2024-01-26_22-59-53
317,6.0,0.625,-8.0,-11.0,1,2024-01-26_22-59-53
318,7.0,4.0,-7.0,-11.0,1,2024-01-26_22-59-53
319,8.0,3.333,-6.0,-11.0,1,2024-01-26_22-59-53
320,9.0,-3.571,-5.0,-11.0,1,2024-01-26_22-59-53
321,10.0,-3.906,-4.0,-11.0,1,2024-01-26_22-59-53
322,11.0,3.906,-3.0,-11.0,1,2024-01-26_22-59-53
323,12.0,4.0,-2.0,-11.0,1,2024-01-26_22-59-53
324,13.0,0.0,-1.0,-11.0,1,2024-01-26_22-59-53
325,14.0,-1.039,0.0,-11.0,1,2024-01-26_22-59-53
326,15.0,0.0,1.0,-11.0,1,2024-01-26_22-59-53
327,16.0,3.333,2.0,-11.0,1,2024-01-26_22-59-53
328,17.0,3.571,3.0,-11.0,1,2024-01-26_22-59-53
329,1.0,3.232,-5.0,-4.0,5,2024-01-26_20-59-05
330,2.0,0.938,-4.0,-4.0,5,2024-01-26_20-59-05
331,3.0,2.083,-3.0,-4.0,5,2024-01-26_20-59-05
332,4.0,2.545,-2.0,-4.0,5,2024-01-26_20-59-05
333,5.0,2.692,-1.0,-4.0,5,2024-01-26_20-59-05
334,6.0,-1.406,0.0,-4.0,5,2024-01-26_20-59-05
335,7.0,1.515,1.0,-4.0,5,2024-01-26_20-59-05
336,8.0,1.633,2.0,-4.0,5,2024-01-26_20-59-05
337,9.0,1.143,3.0,-4.0,5,2024-01-26_20-59-05
338,10.0,1.688,4.0,-4.0,5,2024-01-26_20-59-05
339,11.0,1.786,5.0,-4.0,5,2024-01-26_20-59-05
340,12.0,2.078,6.0,-4.0,5,2024-01-26_20-59-05
341,13.0,2.424,7.0,-4.0,5,2024-01-26_20-59-05
342,1.0,0.312,,,5,2024-01-26_22-18-38
343,2.0,0.741,,,5,2024-01-26_22-18-38
344,3.0,1.322,,,5,2024-01-26_22-18-38
345,4.0,1.0,,,5,2024-01-26_22-18-38
346,5.0,1.75,,,5,2024-01-26_22-18-38
347,6.0,-1.944,,,5,2024-01-26_22-18-38
348,7.0,1.714,,,5,2024-01-26_22-18-38
349,8.0,-1.556,,,5,2024-01-26_22-18-38
350,9.0,-3.125,,,5,2024-01-26_22-18-38
351,10.0,1.667,,,5,2024-01-26_22-18-38
352,11.0,2.1,,,5,2024-01-26_22-18-38
353,12.0,2.143,,,5,2024-01-26_22-18-38
354,13.0,2.143,,,5,2024-01-26_22-18-38
355,1.0,0.0,-7.0,-4.0,6,2024-01-26_23-04-01
356,2.0,0.0,-6.0,-4.0,6,2024-01-26_23-04-01
357,3.0,-3.429,-5.0,-4.0,6,2024-01-26_23-04-01
358,4.0,-2.083,-4.0,-4.0,6,2024-01-26_23-04-01
359,5.0,2.344,-3.0,-4.0,6,2024-01-26_23-04-01
360,6.0,4.167,-2.0,-4.0,6,2024-01-26_23-04-01
361,7.0,3.571,-1.0,-4.0,6,2024-01-26_23-04-01
362,8.0,3.571,0.0,-4.0,6,2024-01-26_23-04-01
363,9.0,3.571,1.0,-4.0,6,2024-01-26_23-04-01
364,10.0,3.571,2.0,-4.0,6,2024-01-26_23-04-01
365,11.0,3.571,3.0,-4.0,6,2024-01-26_23-04-01
366,12.0,3.75,4.0,-4.0,6,2024-01-26_23-04-01
367,13.0,3.125,5.0,-4.0,6,2024-01-26_23-04-01
368,14.0,1.389,6.0,-4.0,6,2024-01-26_23-04-01
369,15.0,3.81,7.0,-4.0,6,2024-01-26_23-04-01
370,16.0,2.857,8.0,-4.0,6,2024-01-26_23-04-01
371,17.0,2.083,9.0,-4.0,6,2024-01-26_23-04-01
372,18.0,3.429,10.0,-4.0,6,2024-01-26_23-04-01
373,19.0,3.704,11.0,-4.0,6,2024-01-26_23-04-01
374,20.0,3.571,12.0,-4.0,6,2024-01-26_23-04-01
375,21.0,2.344,13.0,-4.0,6,2024-01-26_23-04-01
376,22.0,3.75,14.0,-4.0,6,2024-01-26_23-04-01
377,23.0,3.571,15.0,-4.0,6,2024-01-26_23-04-01
378,24.0,4.375,16.0,-4.0,6,2024-01-26_23-04-01
379,25.0,2.857,17.0,-4.0,6,2024-01-26_23-04-01
380,26.0,3.906,18.0,-4.0,6,2024-01-26_23-04-01
381,1.0,-0.417,-7.0,-3.0,3,2024-01-26_22-53-15
382,2.0,0.0,-6.0,-3.0,3,2024-01-26_22-53-15
383,3.0,-1.562,-5.0,-3.0,3,2024-01-26_22-53-15
384,4.0,0.0,-4.0,-3.0,3,2024-01-26_22-53-15
385,5.0,3.571,-3.0,-3.0,3,2024-01-26_22-53-15
386,6.0,2.0,-2.0,-3.0,3,2024-01-26_22-53-15
387,7.0,3.125,-1.0,-3.0,3,2024-01-26_22-53-15
388,8.0,3.125,0.0,-3.0,3,2024-01-26_22-53-15
389,9.0,3.125,1.0,-3.0,3,2024-01-26_22-53-15
390,10.0,0.0,2.0,-3.0,3,2024-01-26_22-53-15
391,11.0,4.167,3.0,-3.0,3,2024-01-26_22-53-15
392,12.0,3.571,4.0,-3.0,3,2024-01-26_22-53-15
393,13.0,2.679,5.0,-3.0,3,2024-01-26_22-53-15
394,14.0,3.906,6.0,-3.0,3,2024-01-26_22-53-15
395,15.0,3.81,7.0,-3.0,3,2024-01-26_22-53-15
396,16.0,3.125,8.0,-3.0,3,2024-01-26_22-53-15
397,17.0,2.857,9.0,-3.0,3,2024-01-26_22-53-15
398,18.0,3.81,10.0,-3.0,3,2024-01-26_22-53-15
399,19.0,4.688,11.0,-3.0,3,2024-01-26_22-53-15
400,20.0,4.667,12.0,-3.0,3,2024-01-26_22-53-15
401,21.0,2.344,13.0,-3.0,3,2024-01-26_22-53-15
402,22.0,3.81,14.0,-3.0,3,2024-01-26_22-53-15
403,23.0,2.5,15.0,-3.0,3,2024-01-26_22-53-15
404,1.0,-2.5,-19.0,-19.0,0,2024-01-26_22-50-08
405,2.0,3.571,-18.0,-19.0,0,2024-01-26_22-50-08
406,3.0,0.0,-17.0,-19.0,0,2024-01-26_22-50-08
407,4.0,0.0,-16.0,-19.0,0,2024-01-26_22-50-08
408,5.0,3.75,-15.0,-19.0,0,2024-01-26_22-50-08
409,6.0,0.833,-14.0,-19.0,0,2024-01-26_22-50-08
410,7.0,3.5,-13.0,-19.0,0,2024-01-26_22-50-08
411,8.0,3.571,-12.0,-19.0,0,2024-01-26_22-50-08
412,9.0,3.571,-11.0,-19.0,0,2024-01-26_22-50-08
413,10.0,3.571,-10.0,-19.0,0,2024-01-26_22-50-08
414,11.0,-1.25,-9.0,-19.0,0,2024-01-26_22-50-08
415,12.0,3.906,-8.0,-19.0,0,2024-01-26_22-50-08
416,13.0,3.571,-7.0,-19.0,0,2024-01-26_22-50-08
417,14.0,4.167,-6.0,-19.0,0,2024-01-26_22-50-08
418,15.0,3.571,-5.0,-19.0,0,2024-01-26_22-50-08
419,16.0,0.0,-4.0,-19.0,0,2024-01-26_22-50-08
420,17.0,-3.571,-3.0,-19.0,0,2024-01-26_22-50-08
421,18.0,3.889,-2.0,-19.0,0,2024-01-26_22-50-08
422,19.0,0.0,-1.0,-19.0,0,2024-01-26_22-50-08
423,20.0,3.333,0.0,-19.0,0,2024-01-26_22-50-08
424,21.0,3.333,1.0,-19.0,0,2024-01-26_22-50-08
425,22.0,3.125,2.0,-19.0,0,2024-01-26_22-50-08
426,1.0,0.0,-9.0,-4.0,6,2024-01-26_22-18-46
427,2.0,0.0,-8.0,-4.0,6,2024-01-26_22-18-46
428,3.0,2.424,-7.0,-4.0,6,2024-01-26_22-18-46
429,4.0,-0.952,-6.0,-4.0,6,2024-01-26_22-18-46
430,5.0,-3.571,-5.0,-4.0,6,2024-01-26_22-18-46
431,6.0,3.409,-4.0,-4.0,6,2024-01-26_22-18-46
432,7.0,3.333,-3.0,-4.0,6,2024-01-26_22-18-46
433,8.0,3.906,-2.0,-4.0,6,2024-01-26_22-18-46
434,9.0,3.571,-1.0,-4.0,6,2024-01-26_22-18-46
435,10.0,2.381,0.0,-4.0,6,2024-01-26_22-18-46
436,11.0,2.778,1.0,-4.0,6,2024-01-26_22-18-46
437,12.0,3.81,2.0,-4.0,6,2024-01-26_22-18-46
438,13.0,3.906,3.0,-4.0,6,2024-01-26_22-18-46
439,14.0,2.381,4.0,-4.0,6,2024-01-26_22-18-46
440,15.0,2.5,5.0,-4.0,6,2024-01-26_22-18-46
441,16.0,3.125,6.0,-4.0,6,2024-01-26_22-18-46
442,17.0,2.625,7.0,-4.0,6,2024-01-26_22-18-46
443,18.0,3.571,8.0,-4.0,6,2024-01-26_22-18-46
444,19.0,2.5,9.0,-4.0,6,2024-01-26_22-18-46
445,20.0,3.571,10.0,-4.0,6,2024-01-26_22-18-46
446,1.0,-2.5,-5.0,-4.0,0,2024-01-26_22-13-32
447,2.0,1.75,-4.0,-4.0,0,2024-01-26_22-13-32
448,3.0,3.571,-3.0,-4.0,0,2024-01-26_22-13-32
449,4.0,2.5,-2.0,-4.0,0,2024-01-26_22-13-32
450,5.0,3.571,-1.0,-4.0,0,2024-01-26_22-13-32
451,6.0,4.0,0.0,-4.0,0,2024-01-26_22-13-32
452,7.0,3.571,1.0,-4.0,0,2024-01-26_22-13-32
453,8.0,4.327,2.0,-4.0,0,2024-01-26_22-13-32
454,9.0,2.857,3.0,-4.0,0,2024-01-26_22-13-32
455,10.0,2.344,4.0,-4.0,0,2024-01-26_22-13-32
456,11.0,2.8,5.0,-4.0,0,2024-01-26_22-13-32
457,12.0,4.375,6.0,-4.0,0,2024-01-26_22-13-32
458,13.0,3.571,7.0,-4.0,0,2024-01-26_22-13-32
459,14.0,3.173,8.0,-4.0,0,2024-01-26_22-13-32
460,15.0,1.389,9.0,-4.0,0,2024-01-26_22-13-32
461,16.0,3.429,10.0,-4.0,0,2024-01-26_22-13-32
462,17.0,3.571,11.0,-4.0,0,2024-01-26_22-13-32
463,18.0,2.083,12.0,-4.0,0,2024-01-26_22-13-32
464,19.0,4.167,13.0,-4.0,0,2024-01-26_22-13-32
465,20.0,3.429,14.0,-4.0,0,2024-01-26_22-13-32
466,21.0,4.0,,-4.0,0,2024-01-26_22-13-32
467,22.0,2.679,,-4.0,0,2024-01-26_22-13-32
468,23.0,3.81,,-4.0,0,2024-01-26_22-13-32
469,24.0,3.906,18.0,-4.0,0,2024-01-26_22-13-32
470,1.0,-2.8,-12.0,-5.0,7,2024-01-27_00-09-44
471,2.0,2.909,-11.0,-5.0,7,2024-01-27_00-09-44
472,3.0,2.5,-10.0,-5.0,7,2024-01-27_00-09-44
473,4.0,3.81,-9.0,-5.0,7,2024-01-27_00-09-44
474,5.0,2.344,-8.0,-5.0,7,2024-01-27_00-09-44
475,6.0,-3.81,-7.0,-5.0,7,2024-01-27_00-09-44
476,7.0,3.571,-6.0,-5.0,7,2024-01-27_00-09-44
477,8.0,0.0,-5.0,-5.0,7,2024-01-27_00-09-44
478,9.0,2.625,-4.0,-5.0,7,2024-01-27_00-09-44
479,10.0,3.571,-3.0,-5.0,7,2024-01-27_00-09-44
480,11.0,3.571,-2.0,-5.0,7,2024-01-27_00-09-44
481,12.0,3.81,-1.0,-5.0,7,2024-01-27_00-09-44
482,13.0,2.5,0.0,-5.0,7,2024-01-27_00-09-44
483,14.0,1.167,1.0,-5.0,7,2024-01-27_00-09-44
484,15.0,-5.091,,-5.0,7,2024-01-27_00-09-44
485,16.0,3.125,,-5.0,7,2024-01-27_00-09-44
486,17.0,3.571,,-5.0,7,2024-01-27_00-09-44
487,18.0,3.571,5.0,-5.0,7,2024-01-27_00-09-44
488,1.0,4.242,-5.0,-4.0,8,2024-01-26_21-02-06
489,2.0,-3.125,-4.0,-4.0,8,2024-01-26_21-02-06
490,3.0,3.81,-3.0,-4.0,8,2024-01-26_21-02-06
491,4.0,4.0,-2.0,-4.0,8,2024-01-26_21-02-06
492,5.0,3.175,-1.0,-4.0,8,2024-01-26_21-02-06
493,6.0,4.444,0.0,-4.0,8,2024-01-26_21-02-06
494,7.0,3.81,1.0,-4.0,8,2024-01-26_21-02-06
495,8.0,3.906,2.0,-4.0,8,2024-01-26_21-02-06
496,9.0,4.0,3.0,-4.0,8,2024-01-26_21-02-06
497,10.0,3.333,4.0,-4.0,8,2024-01-26_21-02-06
498,11.0,4.0,5.0,-4.0,8,2024-01-26_21-02-06
499,12.0,4.0,6.0,-4.0,8,2024-01-26_21-02-06
500,13.0,3.571,7.0,-4.0,8,2024-01-26_21-02-06
501,14.0,3.429,8.0,-4.0,8,2024-01-26_21-02-06
502,15.0,2.5,9.0,-4.0,8,2024-01-26_21-02-06
503,16.0,4.667,10.0,-4.0,8,2024-01-26_21-02-06
504,17.0,4.0,11.0,-4.0,8,2024-01-26_21-02-06
505,18.0,3.571,12.0,-4.0,8,2024-01-26_21-02-06
506,1.0,1.562,-10.0,-4.0,8,2024-01-26_22-18-58
507,2.0,-1.333,-9.0,-4.0,8,2024-01-26_22-18-58
508,3.0,-2.5,-8.0,-4.0,8,2024-01-26_22-18-58
509,4.0,-1.111,-7.0,-4.0,8,2024-01-26_22-18-58
510,5.0,-4.848,-6.0,-4.0,8,2024-01-26_22-18-58
511,6.0,-0.571,-5.0,-4.0,8,2024-01-26_22-18-58
512,7.0,-1.786,-4.0,-4.0,8,2024-01-26_22-18-58
513,8.0,4.0,-3.0,-4.0,8,2024-01-26_22-18-58
514,9.0,3.81,-2.0,-4.0,8,2024-01-26_22-18-58
515,10.0,3.81,-1.0,-4.0,8,2024-01-26_22-18-58
516,11.0,3.81,0.0,-4.0,8,2024-01-26_22-18-58
517,12.0,1.25,,-4.0,8,2024-01-26_22-18-58
518,13.0,3.906,,-4.0,8,2024-01-26_22-18-58
519,14.0,3.571,,-4.0,8,2024-01-26_22-18-58
520,15.0,0.0,,-4.0,8,2024-01-26_22-18-58
521,16.0,3.81,5.0,-4.0,8,2024-01-26_22-18-58
522,17.0,3.571,6.0,-4.0,8,2024-01-26_22-18-58
523,18.0,0.781,7.0,-4.0,8,2024-01-26_22-18-58
524,19.0,-4.167,,-4.0,8,2024-01-26_22-18-58
525,20.0,3.125,,-4.0,8,2024-01-26_22-18-58
526,21.0,2.667,,-4.0,8,2024-01-26_22-18-58
527,1.0,-3.333,-5.0,9.0,2,2024-01-26_23-50-00
528,2.0,3.333,-4.0,9.0,2,2024-01-26_23-50-00
529,3.0,3.125,-3.0,9.0,2,2024-01-26_23-50-00
530,4.0,3.429,-2.0,9.0,2,2024-01-26_23-50-00
531,5.0,3.81,-1.0,9.0,2,2024-01-26_23-50-00
532,6.0,3.81,0.0,9.0,2,2024-01-26_23-50-00
533,7.0,4.0,1.0,9.0,2,2024-01-26_23-50-00
534,8.0,2.667,2.0,9.0,2,2024-01-26_23-50-00
535,9.0,3.81,3.0,9.0,2,2024-01-26_23-50-00
536,10.0,3.429,4.0,9.0,2,2024-01-26_23-50-00
537,11.0,3.429,5.0,9.0,2,2024-01-26_23-50-00
538,12.0,3.429,6.0,9.0,2,2024-01-26_23-50-00
539,13.0,2.857,7.0,9.0,2,2024-01-26_23-50-00
540,14.0,2.857,,9.0,2,2024-01-26_23-50-00
541,15.0,2.375,,9.0,2,2024-01-26_23-50-00
542,16.0,2.857,,9.0,2,2024-01-26_23-50-00
543,17.0,2.5,,9.0,2,2024-01-26_23-50-00
544,18.0,2.667,,9.0,2,2024-01-26_23-50-00
545,19.0,3.81,,9.0,2,2024-01-26_23-50-00
546,20.0,2.5,14.0,9.0,2,2024-01-26_23-50-00
547,1.0,1.429,-5.0,-4.0,3,2024-01-26_22-18-27
548,2.0,-1.25,-4.0,-4.0,3,2024-01-26_22-18-27
549,3.0,1.429,-3.0,-4.0,3,2024-01-26_22-18-27
550,4.0,1.429,-2.0,-4.0,3,2024-01-26_22-18-27
551,5.0,1.667,-1.0,-4.0,3,2024-01-26_22-18-27
552,6.0,1.0,0.0,-4.0,3,2024-01-26_22-18-27
553,7.0,3.125,1.0,-4.0,3,2024-01-26_22-18-27
554,8.0,1.562,2.0,-4.0,3,2024-01-26_22-18-27
555,9.0,0.833,3.0,-4.0,3,2024-01-26_22-18-27
556,10.0,1.25,4.0,-4.0,3,2024-01-26_22-18-27
557,11.0,1.429,5.0,-4.0,3,2024-01-26_22-18-27
558,12.0,0.625,6.0,-4.0,3,2024-01-26_22-18-27
559,13.0,1.25,7.0,-4.0,3,2024-01-26_22-18-27
560,14.0,1.25,8.0,-4.0,3,2024-01-26_22-18-27
561,15.0,1.25,9.0,-4.0,3,2024-01-26_22-18-27
562,16.0,0.625,10.0,-4.0,3,2024-01-26_22-18-27
563,17.0,2.344,11.0,-4.0,3,2024-01-26_22-18-27
564,18.0,2.857,12.0,-4.0,3,2024-01-26_22-18-27
565,19.0,1.429,13.0,-4.0,3,2024-01-26_22-18-27
566,20.0,1.429,14.0,-4.0,3,2024-01-26_22-18-27
567,21.0,0.625,15.0,-4.0,3,2024-01-26_22-18-27
568,22.0,1.429,16.0,-4.0,3,2024-01-26_22-18-27
569,23.0,1.429,17.0,-4.0,3,2024-01-26_22-18-27
570,24.0,1.429,18.0,-4.0,3,2024-01-26_22-18-27
571,25.0,1.429,19.0,-4.0,3,2024-01-26_22-18-27
572,26.0,1.25,20.0,-4.0,3,2024-01-26_22-18-27
573,27.0,1.429,21.0,-4.0,3,2024-01-26_22-18-27
574,28.0,1.75,22.0,-4.0,3,2024-01-26_22-18-27
575,1.0,1.458,-4.0,-4.0,8,2024-01-27_00-10-57
576,2.0,3.333,-3.0,-4.0,8,2024-01-27_00-10-57
577,3.0,3.646,-2.0,-4.0,8,2024-01-27_00-10-57
578,4.0,2.857,-1.0,-4.0,8,2024-01-27_00-10-57
579,5.0,2.5,0.0,-4.0,8,2024-01-27_00-10-57
580,6.0,4.0,1.0,-4.0,8,2024-01-27_00-10-57
581,7.0,3.0,2.0,-4.0,8,2024-01-27_00-10-57
582,8.0,3.81,3.0,-4.0,8,2024-01-27_00-10-57
583,9.0,3.636,4.0,-4.0,8,2024-01-27_00-10-57
584,10.0,2.625,5.0,-4.0,8,2024-01-27_00-10-57
585,11.0,3.889,6.0,-4.0,8,2024-01-27_00-10-57
586,12.0,4.0,7.0,-4.0,8,2024-01-27_00-10-57
587,13.0,3.333,8.0,-4.0,8,2024-01-27_00-10-57
588,14.0,2.625,9.0,-4.0,8,2024-01-27_00-10-57
589,15.0,4.0,10.0,-4.0,8,2024-01-27_00-10-57
590,16.0,3.333,11.0,-4.0,8,2024-01-27_00-10-57
591,17.0,2.333,12.0,-4.0,8,2024-01-27_00-10-57
592,18.0,4.444,13.0,-4.0,8,2024-01-27_00-10-57
593,1.0,-1.25,-4.0,-3.0,2,2024-01-26_20-42-19
594,2.0,1.562,-3.0,-3.0,2,2024-01-26_20-42-19
595,3.0,4.615,-2.0,-3.0,2,2024-01-26_20-42-19
596,4.0,3.429,-1.0,-3.0,2,2024-01-26_20-42-19
597,5.0,3.81,0.0,-3.0,2,2024-01-26_20-42-19
598,6.0,3.81,1.0,-3.0,2,2024-01-26_20-42-19
599,7.0,3.182,2.0,-3.0,2,2024-01-26_20-42-19
600,8.0,2.8,3.0,-3.0,2,2024-01-26_20-42-19
601,9.0,3.429,4.0,-3.0,2,2024-01-26_20-42-19
602,10.0,4.615,5.0,-3.0,2,2024-01-26_20-42-19
603,11.0,4.286,6.0,-3.0,2,2024-01-26_20-42-19
604,12.0,4.167,7.0,-3.0,2,2024-01-26_20-42-19
605,13.0,2.545,8.0,-3.0,2,2024-01-26_20-42-19
606,14.0,4.455,9.0,-3.0,2,2024-01-26_20-42-19
607,15.0,1.481,,-3.0,2,2024-01-26_20-42-19
608,16.0,4.286,,-3.0,2,2024-01-26_20-42-19
609,17.0,3.333,,-3.0,2,2024-01-26_20-42-19
610,18.0,4.0,13.0,-3.0,2,2024-01-26_20-42-19
611,19.0,4.444,14.0,-3.0,2,2024-01-26_20-42-19
612,20.0,4.083,15.0,-3.0,2,2024-01-26_20-42-19
613,21.0,3.673,16.0,-3.0,2,2024-01-26_20-42-19
614,22.0,3.333,17.0,-3.0,2,2024-01-26_20-42-19
615,23.0,4.444,18.0,-3.0,2,2024-01-26_20-42-19
616,1.0,-0.694,,,6,2024-01-26_23-11-03
617,2.0,1.25,,,6,2024-01-26_23-11-03
618,3.0,-1.25,,,6,2024-01-26_23-11-03
619,4.0,3.365,,,6,2024-01-26_23-11-03
620,5.0,1.556,,,6,2024-01-26_23-11-03
621,6.0,0.227,,,6,2024-01-26_23-11-03
622,7.0,0.577,,,6,2024-01-26_23-11-03
623,1.0,3.125,-15.0,-5.0,4,2024-01-27_00-26-45
624,2.0,1.333,-14.0,-5.0,4,2024-01-27_00-26-45
625,3.0,-3.333,-13.0,-5.0,4,2024-01-27_00-26-45
626,4.0,0.714,-12.0,-5.0,4,2024-01-27_00-26-45
627,5.0,0.0,-11.0,-5.0,4,2024-01-27_00-26-45
628,6.0,-2.667,-10.0,-5.0,4,2024-01-27_00-26-45
629,7.0,2.5,-9.0,-5.0,4,2024-01-27_00-26-45
630,8.0,-4.167,-8.0,-5.0,4,2024-01-27_00-26-45
631,9.0,-1.786,-7.0,-5.0,4,2024-01-27_00-26-45
632,10.0,2.5,-6.0,-5.0,4,2024-01-27_00-26-45
633,11.0,0.0,-5.0,-5.0,4,2024-01-27_00-26-45
634,12.0,2.5,-4.0,-5.0,4,2024-01-27_00-26-45
635,13.0,0.0,-3.0,-5.0,4,2024-01-27_00-26-45
636,14.0,-3.0,-2.0,-5.0,4,2024-01-27_00-26-45
637,15.0,1.905,-1.0,-5.0,4,2024-01-27_00-26-45
638,16.0,4.167,0.0,-5.0,4,2024-01-27_00-26-45
639,17.0,2.667,1.0,-5.0,4,2024-01-27_00-26-45
640,18.0,1.667,2.0,-5.0,4,2024-01-27_00-26-45
641,19.0,2.667,3.0,-5.0,4,2024-01-27_00-26-45
642,20.0,2.667,4.0,-5.0,4,2024-01-27_00-26-45
643,21.0,3.429,5.0,-5.0,4,2024-01-27_00-26-45
644,22.0,3.333,6.0,-5.0,4,2024-01-27_00-26-45
645,23.0,4.167,7.0,-5.0,4,2024-01-27_00-26-45
646,24.0,3.333,8.0,-5.0,4,2024-01-27_00-26-45
647,1.0,0.0,-13.0,-4.0,1,2024-02-01_10-37-47
648,2.0,0.0,-12.0,-4.0,1,2024-02-01_10-37-47
649,3.0,3.333,-11.0,-4.0,1,2024-02-01_10-37-47
650,4.0,3.571,-10.0,-4.0,1,2024-02-01_10-37-47
651,5.0,-2.344,-9.0,-4.0,1,2024-02-01_10-37-47
652,6.0,0.0,-8.0,-4.0,1,2024-02-01_10-37-47
653,7.0,-2.5,-7.0,-4.0,1,2024-02-01_10-37-47
654,8.0,3.333,-6.0,-4.0,1,2024-02-01_10-37-47
655,9.0,0.0,-5.0,-4.0,1,2024-02-01_10-37-47
656,10.0,-2.8,-4.0,-4.0,1,2024-02-01_10-37-47
657,11.0,3.727,-3.0,-4.0,1,2024-02-01_10-37-47
658,12.0,3.429,-2.0,-4.0,1,2024-02-01_10-37-47
659,13.0,3.81,-1.0,-4.0,1,2024-02-01_10-37-47
660,14.0,-3.636,0.0,-4.0,1,2024-02-01_10-37-47
661,15.0,4.156,1.0,-4.0,1,2024-02-01_10-37-47
662,16.0,3.81,2.0,-4.0,1,2024-02-01_10-37-47
663,17.0,3.048,3.0,-4.0,1,2024-02-01_10-37-47
664,18.0,3.117,4.0,-4.0,1,2024-02-01_10-37-47
665,1.0,0.0,-5.0,-4.0,6,2024-01-27_00-13-36
666,2.0,3.125,-4.0,-4.0,6,2024-01-27_00-13-36
667,3.0,4.667,-3.0,-4.0,6,2024-01-27_00-13-36
668,4.0,5.25,-2.0,-4.0,6,2024-01-27_00-13-36
669,5.0,3.571,-1.0,-4.0,6,2024-01-27_00-13-36
670,6.0,3.5,0.0,-4.0,6,2024-01-27_00-13-36
671,7.0,3.571,1.0,-4.0,6,2024-01-27_00-13-36
672,8.0,3.906,2.0,-4.0,6,2024-01-27_00-13-36
673,9.0,3.81,3.0,-4.0,6,2024-01-27_00-13-36
674,10.0,4.0,4.0,-4.0,6,2024-01-27_00-13-36
675,11.0,3.571,5.0,-4.0,6,2024-01-27_00-13-36
676,12.0,4.375,6.0,-4.0,6,2024-01-27_00-13-36
677,13.0,3.571,7.0,-4.0,6,2024-01-27_00-13-36
678,14.0,4.375,8.0,-4.0,6,2024-01-27_00-13-36
679,15.0,2.857,9.0,-4.0,6,2024-01-27_00-13-36
680,16.0,3.906,10.0,-4.0,6,2024-01-27_00-13-36
681,17.0,4.167,11.0,-4.0,6,2024-01-27_00-13-36
682,18.0,4.667,12.0,-4.0,6,2024-01-27_00-13-36
683,19.0,2.5,13.0,-4.0,6,2024-01-27_00-13-36
684,20.0,3.571,14.0,-4.0,6,2024-01-27_00-13-36
685,21.0,3.571,15.0,-4.0,6,2024-01-27_00-13-36
686,22.0,3.571,16.0,-4.0,6,2024-01-27_00-13-36
687,23.0,3.571,17.0,-4.0,6,2024-01-27_00-13-36
688,24.0,1.429,18.0,-4.0,6,2024-01-27_00-13-36
689,25.0,4.375,19.0,-4.0,6,2024-01-27_00-13-36
690,26.0,3.571,20.0,-4.0,6,2024-01-27_00-13-36
691,27.0,3.906,21.0,-4.0,6,2024-01-27_00-13-36
692,1.0,2.333,-14.0,-4.0,4,2024-01-26_23-35-46
693,2.0,-3.333,-13.0,-4.0,4,2024-01-26_23-35-46
694,3.0,-2.667,-12.0,-4.0,4,2024-01-26_23-35-46
695,4.0,3.81,-11.0,-4.0,4,2024-01-26_23-35-46
696,5.0,-3.0,-10.0,-4.0,4,2024-01-26_23-35-46
697,6.0,2.5,-9.0,-4.0,4,2024-01-26_23-35-46
698,7.0,2.909,-8.0,-4.0,4,2024-01-26_23-35-46
699,8.0,-4.0,-7.0,-4.0,4,2024-01-26_23-35-46
700,9.0,0.0,-6.0,-4.0,4,2024-01-26_23-35-46
701,10.0,5.091,-5.0,-4.0,4,2024-01-26_23-35-46
702,11.0,3.571,-4.0,-4.0,4,2024-01-26_23-35-46
703,12.0,2.625,-3.0,-4.0,4,2024-01-26_23-35-46
704,13.0,4.156,-2.0,-4.0,4,2024-01-26_23-35-46
705,14.0,3.81,-1.0,-4.0,4,2024-01-26_23-35-46
706,15.0,2.857,0.0,-4.0,4,2024-01-26_23-35-46
707,16.0,3.571,1.0,-4.0,4,2024-01-26_23-35-46
708,17.0,3.81,2.0,-4.0,4,2024-01-26_23-35-46
709,18.0,3.125,3.0,-4.0,4,2024-01-26_23-35-46
710,19.0,3.0,4.0,-4.0,4,2024-01-26_23-35-46
711,20.0,1.905,5.0,-4.0,4,2024-01-26_23-35-46
712,21.0,4.167,6.0,-4.0,4,2024-01-26_23-35-46
713,22.0,3.673,7.0,-4.0,4,2024-01-26_23-35-46
714,23.0,3.333,8.0,-4.0,4,2024-01-26_23-35-46
715,24.0,2.857,9.0,-4.0,4,2024-01-26_23-35-46
716,25.0,4.0,10.0,-4.0,4,2024-01-26_23-35-46
717,26.0,2.5,11.0,-4.0,4,2024-01-26_23-35-46
718,27.0,2.679,12.0,-4.0,4,2024-01-26_23-35-46
719,28.0,2.8,13.0,-4.0,4,2024-01-26_23-35-46
720,1.0,0.625,-6.0,-4.0,3,2024-01-26_20-56-55
721,2.0,1.25,-5.0,-4.0,3,2024-01-26_20-56-55
722,3.0,0.0,-4.0,-4.0,3,2024-01-26_20-56-55
723,4.0,1.25,-3.0,-4.0,3,2024-01-26_20-56-55
724,5.0,1.429,-2.0,-4.0,3,2024-01-26_20-56-55
725,6.0,2.0,-1.0,-4.0,3,2024-01-26_20-56-55
726,7.0,0.625,0.0,-4.0,3,2024-01-26_20-56-55
727,8.0,1.429,1.0,-4.0,3,2024-01-26_20-56-55
728,9.0,1.111,2.0,-4.0,3,2024-01-26_20-56-55
729,10.0,1.429,3.0,-4.0,3,2024-01-26_20-56-55
730,11.0,1.429,4.0,-4.0,3,2024-01-26_20-56-55
731,12.0,1.0,5.0,-4.0,3,2024-01-26_20-56-55
732,13.0,1.667,6.0,-4.0,3,2024-01-26_20-56-55
733,14.0,1.111,7.0,-4.0,3,2024-01-26_20-56-55
734,15.0,0.625,,-4.0,3,2024-01-26_20-56-55
735,16.0,1.0,,-4.0,3,2024-01-26_20-56-55
736,17.0,1.667,10.0,-4.0,3,2024-01-26_20-56-55
737,18.0,1.75,11.0,-4.0,3,2024-01-26_20-56-55
738,19.0,1.429,12.0,-4.0,3,2024-01-26_20-56-55
739,20.0,1.0,13.0,-4.0,3,2024-01-26_20-56-55
740,21.0,1.429,14.0,-4.0,3,2024-01-26_20-56-55
741,22.0,1.429,15.0,-4.0,3,2024-01-26_20-56-55
742,23.0,1.25,16.0,-4.0,3,2024-01-26_20-56-55
743,24.0,1.562,17.0,-4.0,3,2024-01-26_20-56-55
744,25.0,1.429,18.0,-4.0,3,2024-01-26_20-56-55
745,26.0,1.429,19.0,-4.0,3,2024-01-26_20-56-55
746,27.0,1.667,20.0,-4.0,3,2024-01-26_20-56-55
747,28.0,0.625,21.0,-4.0,3,2024-01-26_20-56-55
748,29.0,1.0,22.0,-4.0,3,2024-01-26_20-56-55
749,30.0,1.429,23.0,-4.0,3,2024-01-26_20-56-55
750,31.0,1.25,24.0,-4.0,3,2024-01-26_20-56-55
751,32.0,1.905,25.0,-4.0,3,2024-01-26_20-56-55
752,33.0,1.429,26.0,-4.0,3,2024-01-26_20-56-55
753,34.0,1.25,27.0,-4.0,3,2024-01-26_20-56-55
754,35.0,1.75,28.0,-4.0,3,2024-01-26_20-56-55
755,36.0,1.429,29.0,-4.0,3,2024-01-26_20-56-55
756,37.0,1.429,30.0,-4.0,3,2024-01-26_20-56-55
757,38.0,1.429,31.0,-4.0,3,2024-01-26_20-56-55
758,39.0,1.25,32.0,-4.0,3,2024-01-26_20-56-55
759,40.0,0.625,33.0,-4.0,3,2024-01-26_20-56-55
760,41.0,1.667,34.0,-4.0,3,2024-01-26_20-56-55
761,42.0,1.667,35.0,-4.0,3,2024-01-26_20-56-55
762,43.0,1.0,36.0,-4.0,3,2024-01-26_20-56-55
763,44.0,1.429,37.0,-4.0,3,2024-01-26_20-56-55
764,45.0,1.429,38.0,-4.0,3,2024-01-26_20-56-55
765,46.0,1.429,39.0,-4.0,3,2024-01-26_20-56-55
766,47.0,1.429,40.0,-4.0,3,2024-01-26_20-56-55
767,1.0,4.167,-5.0,-4.0,8,2024-01-26_22-59-22
768,2.0,-1.154,-4.0,-4.0,8,2024-01-26_22-59-22
769,3.0,3.333,-3.0,-4.0,8,2024-01-26_22-59-22
770,4.0,3.81,-2.0,-4.0,8,2024-01-26_22-59-22
771,5.0,3.516,-1.0,-4.0,8,2024-01-26_22-59-22
772,6.0,1.667,0.0,-4.0,8,2024-01-26_22-59-22
773,7.0,3.81,1.0,-4.0,8,2024-01-26_22-59-22
774,8.0,3.81,2.0,-4.0,8,2024-01-26_22-59-22
775,9.0,4.667,3.0,-4.0,8,2024-01-26_22-59-22
776,10.0,3.333,4.0,-4.0,8,2024-01-26_22-59-22
777,11.0,4.167,5.0,-4.0,8,2024-01-26_22-59-22
778,12.0,3.571,6.0,-4.0,8,2024-01-26_22-59-22
779,13.0,2.667,7.0,-4.0,8,2024-01-26_22-59-22
780,14.0,3.571,8.0,-4.0,8,2024-01-26_22-59-22
781,15.0,3.81,9.0,-4.0,8,2024-01-26_22-59-22
782,16.0,3.81,10.0,-4.0,8,2024-01-26_22-59-22
783,17.0,3.636,11.0,-4.0,8,2024-01-26_22-59-22
784,18.0,3.81,12.0,-4.0,8,2024-01-26_22-59-22
785,19.0,3.81,13.0,-4.0,8,2024-01-26_22-59-22
786,20.0,3.571,14.0,-4.0,8,2024-01-26_22-59-22
787,1.0,0.0,-11.0,-3.0,1,2024-01-26_22-17-32
788,2.0,-1.333,-10.0,-3.0,1,2024-01-26_22-17-32
789,3.0,0.0,-9.0,-3.0,1,2024-01-26_22-17-32
790,4.0,0.0,-8.0,-3.0,1,2024-01-26_22-17-32
791,5.0,0.714,-7.0,-3.0,1,2024-01-26_22-17-32
792,6.0,-2.083,-6.0,-3.0,1,2024-01-26_22-17-32
793,7.0,3.571,-5.0,-3.0,1,2024-01-26_22-17-32
794,8.0,-2.5,-4.0,-3.0,1,2024-01-26_22-17-32
795,9.0,-4.167,-3.0,-3.0,1,2024-01-26_22-17-32
796,10.0,1.562,-2.0,-3.0,1,2024-01-26_22-17-32
797,11.0,0.0,-1.0,-3.0,1,2024-01-26_22-17-32
798,12.0,2.5,0.0,-3.0,1,2024-01-26_22-17-32
799,13.0,-3.571,,-3.0,1,2024-01-26_22-17-32
800,14.0,-3.81,,-3.0,1,2024-01-26_22-17-32
801,15.0,0.694,,-3.0,1,2024-01-26_22-17-32
802,16.0,-2.375,,-3.0,1,2024-01-26_22-17-32
803,17.0,-2.4,,-3.0,1,2024-01-26_22-17-32
804,18.0,4.375,,-3.0,1,2024-01-26_22-17-32
805,19.0,2.344,,-3.0,1,2024-01-26_22-17-32
806,20.0,3.077,,-3.0,1,2024-01-26_22-17-32
807,21.0,4.167,9.0,-3.0,1,2024-01-26_22-17-32
808,1.0,3.333,-4.0,-4.0,0,2024-01-26_20-38-54
809,2.0,3.571,-3.0,-4.0,0,2024-01-26_20-38-54
810,3.0,3.571,-2.0,-4.0,0,2024-01-26_20-38-54
811,4.0,3.571,-1.0,-4.0,0,2024-01-26_20-38-54
812,5.0,3.571,0.0,-4.0,0,2024-01-26_20-38-54
813,6.0,3.906,1.0,-4.0,0,2024-01-26_20-38-54
814,7.0,3.571,2.0,-4.0,0,2024-01-26_20-38-54
815,8.0,4.167,3.0,-4.0,0,2024-01-26_20-38-54
816,9.0,4.667,4.0,-4.0,0,2024-01-26_20-38-54
817,10.0,3.571,5.0,-4.0,0,2024-01-26_20-38-54
818,11.0,-1.786,6.0,-4.0,0,2024-01-26_20-38-54
819,12.0,1.562,7.0,-4.0,0,2024-01-26_20-38-54
820,13.0,3.81,8.0,-4.0,0,2024-01-26_20-38-54
821,14.0,3.571,9.0,-4.0,0,2024-01-26_20-38-54
822,15.0,4.375,10.0,-4.0,0,2024-01-26_20-38-54
823,16.0,4.545,11.0,-4.0,0,2024-01-26_20-38-54
824,17.0,3.571,12.0,-4.0,0,2024-01-26_20-38-54
825,18.0,5.091,13.0,-4.0,0,2024-01-26_20-38-54
826,19.0,3.906,14.0,-4.0,0,2024-01-26_20-38-54
827,20.0,3.75,15.0,-4.0,0,2024-01-26_20-38-54
828,21.0,4.375,16.0,-4.0,0,2024-01-26_20-38-54
829,22.0,3.125,17.0,-4.0,0,2024-01-26_20-38-54
830,23.0,4.375,18.0,-4.0,0,2024-01-26_20-38-54
831,24.0,4.375,19.0,-4.0,0,2024-01-26_20-38-54
832,1.0,3.636,-11.0,-9.0,1,2024-01-26_23-34-20
833,2.0,3.571,-10.0,-9.0,1,2024-01-26_23-34-20
834,3.0,0.0,-9.0,-9.0,1,2024-01-26_23-34-20
835,4.0,-3.571,-8.0,-9.0,1,2024-01-26_23-34-20
836,5.0,0.0,-7.0,-9.0,1,2024-01-26_23-34-20
837,6.0,2.8,-6.0,-9.0,1,2024-01-26_23-34-20
838,7.0,3.571,-5.0,-9.0,1,2024-01-26_23-34-20
839,8.0,4.167,-4.0,-9.0,1,2024-01-26_23-34-20
840,9.0,3.636,-3.0,-9.0,1,2024-01-26_23-34-20
841,10.0,2.344,-2.0,-9.0,1,2024-01-26_23-34-20
842,11.0,3.571,-1.0,-9.0,1,2024-01-26_23-34-20
843,12.0,3.571,0.0,-9.0,1,2024-01-26_23-34-20
844,13.0,3.5,1.0,-9.0,1,2024-01-26_23-34-20
845,14.0,4.167,2.0,-9.0,1,2024-01-26_23-34-20
846,15.0,2.545,3.0,-9.0,1,2024-01-26_23-34-20
847,16.0,3.571,4.0,-9.0,1,2024-01-26_23-34-20
848,17.0,3.81,5.0,-9.0,1,2024-01-26_23-34-20
849,18.0,3.333,6.0,-9.0,1,2024-01-26_23-34-20
850,19.0,4.156,7.0,-9.0,1,2024-01-26_23-34-20
851,20.0,3.125,8.0,-9.0,1,2024-01-26_23-34-20
852,21.0,3.571,9.0,-9.0,1,2024-01-26_23-34-20
853,22.0,3.571,10.0,-9.0,1,2024-01-26_23-34-20
854,23.0,3.571,11.0,-9.0,1,2024-01-26_23-34-20
855,24.0,4.167,12.0,-9.0,1,2024-01-26_23-34-20
856,25.0,3.125,13.0,-9.0,1,2024-01-26_23-34-20
857,26.0,4.167,14.0,-9.0,1,2024-01-26_23-34-20
858,27.0,2.286,15.0,-9.0,1,2024-01-26_23-34-20
859,28.0,3.906,16.0,-9.0,1,2024-01-26_23-34-20
860,29.0,4.167,17.0,-9.0,1,2024-01-26_23-34-20
861,30.0,3.125,18.0,-9.0,1,2024-01-26_23-34-20
862,31.0,3.111,19.0,-9.0,1,2024-01-26_23-34-20
863,32.0,4.0,20.0,-9.0,1,2024-01-26_23-34-20
864,33.0,2.885,21.0,-9.0,1,2024-01-26_23-34-20
865,34.0,3.333,22.0,-9.0,1,2024-01-26_23-34-20
866,1.0,-0.938,-5.0,-4.0,3,2024-01-27_00-04-44
867,2.0,-1.111,-4.0,-4.0,3,2024-01-27_00-04-44
868,3.0,0.714,-3.0,-4.0,3,2024-01-27_00-04-44
869,4.0,1.429,-2.0,-4.0,3,2024-01-27_00-04-44
870,5.0,1.0,-1.0,-4.0,3,2024-01-27_00-04-44
871,6.0,1.429,0.0,-4.0,3,2024-01-27_00-04-44
872,7.0,1.25,1.0,-4.0,3,2024-01-27_00-04-44
873,8.0,1.0,2.0,-4.0,3,2024-01-27_00-04-44
874,9.0,1.429,3.0,-4.0,3,2024-01-27_00-04-44
875,10.0,0.625,4.0,-4.0,3,2024-01-27_00-04-44
876,11.0,1.25,5.0,-4.0,3,2024-01-27_00-04-44
877,12.0,1.429,,-4.0,3,2024-01-27_00-04-44
878,13.0,1.25,,-4.0,3,2024-01-27_00-04-44
879,14.0,1.25,,-4.0,3,2024-01-27_00-04-44
880,15.0,1.667,,-4.0,3,2024-01-27_00-04-44
881,16.0,0.625,10.0,-4.0,3,2024-01-27_00-04-44
882,17.0,1.0,11.0,-4.0,3,2024-01-27_00-04-44
883,18.0,1.0,12.0,-4.0,3,2024-01-27_00-04-44
884,19.0,1.562,13.0,-4.0,3,2024-01-27_00-04-44
885,20.0,2.286,14.0,-4.0,3,2024-01-27_00-04-44
886,21.0,3.429,15.0,-4.0,3,2024-01-27_00-04-44
887,1.0,4.167,-5.0,-4.0,2,2024-01-26_22-47-02
888,2.0,0.0,-4.0,-4.0,2,2024-01-26_22-47-02
889,3.0,4.0,-3.0,-4.0,2,2024-01-26_22-47-02
890,4.0,4.0,-2.0,-4.0,2,2024-01-26_22-47-02
891,5.0,3.571,-1.0,-4.0,2,2024-01-26_22-47-02
892,6.0,2.667,0.0,-4.0,2,2024-01-26_22-47-02
893,7.0,3.117,1.0,-4.0,2,2024-01-26_22-47-02
894,8.0,1.667,2.0,-4.0,2,2024-01-26_22-47-02
895,9.0,3.906,3.0,-4.0,2,2024-01-26_22-47-02
896,10.0,1.667,4.0,-4.0,2,2024-01-26_22-47-02
897,11.0,4.0,5.0,-4.0,2,2024-01-26_22-47-02
898,12.0,4.0,6.0,-4.0,2,2024-01-26_22-47-02
899,13.0,3.571,7.0,-4.0,2,2024-01-26_22-47-02
900,14.0,3.333,8.0,-4.0,2,2024-01-26_22-47-02
901,15.0,3.5,9.0,-4.0,2,2024-01-26_22-47-02
902,16.0,3.81,10.0,-4.0,2,2024-01-26_22-47-02
903,17.0,4.444,11.0,-4.0,2,2024-01-26_22-47-02
904,18.0,1.667,12.0,-4.0,2,2024-01-26_22-47-02
905,19.0,3.333,13.0,-4.0,2,2024-01-26_22-47-02
906,20.0,4.0,14.0,-4.0,2,2024-01-26_22-47-02
907,21.0,4.0,15.0,-4.0,2,2024-01-26_22-47-02
908,22.0,3.571,16.0,-4.0,2,2024-01-26_22-47-02
909,23.0,4.0,17.0,-4.0,2,2024-01-26_22-47-02
910,24.0,3.333,18.0,-4.0,2,2024-01-26_22-47-02
911,25.0,3.636,19.0,-4.0,2,2024-01-26_22-47-02
912,26.0,4.667,20.0,-4.0,2,2024-01-26_22-47-02
913,27.0,4.0,21.0,-4.0,2,2024-01-26_22-47-02
914,28.0,3.125,22.0,-4.0,2,2024-01-26_22-47-02
915,29.0,4.0,23.0,-4.0,2,2024-01-26_22-47-02
916,30.0,4.242,24.0,-4.0,2,2024-01-26_22-47-02
917,31.0,3.81,25.0,-4.0,2,2024-01-26_22-47-02
918,32.0,2.5,26.0,-4.0,2,2024-01-26_22-47-02
919,33.0,3.5,27.0,-4.0,2,2024-01-26_22-47-02
920,34.0,3.333,28.0,-4.0,2,2024-01-26_22-47-02
921,35.0,3.571,29.0,-4.0,2,2024-01-26_22-47-02
922,1.0,-2.963,-8.0,-4.0,4,2024-01-26_22-18-31
923,2.0,0.0,-7.0,-4.0,4,2024-01-26_22-18-31
924,3.0,-3.571,-6.0,-4.0,4,2024-01-26_22-18-31
925,4.0,3.409,-5.0,-4.0,4,2024-01-26_22-18-31
926,5.0,-3.125,-4.0,-4.0,4,2024-01-26_22-18-31
927,6.0,3.125,-3.0,-4.0,4,2024-01-26_22-18-31
928,7.0,0.0,-2.0,-4.0,4,2024-01-26_22-18-31
929,8.0,3.571,-1.0,-4.0,4,2024-01-26_22-18-31
930,9.0,1.5,0.0,-4.0,4,2024-01-26_22-18-31
931,10.0,3.125,1.0,-4.0,4,2024-01-26_22-18-31
932,11.0,3.571,2.0,-4.0,4,2024-01-26_22-18-31
933,12.0,3.571,3.0,-4.0,4,2024-01-26_22-18-31
934,13.0,3.429,4.0,-4.0,4,2024-01-26_22-18-31
935,14.0,4.167,5.0,-4.0,4,2024-01-26_22-18-31
936,15.0,3.125,6.0,-4.0,4,2024-01-26_22-18-31
937,16.0,4.167,7.0,-4.0,4,2024-01-26_22-18-31
938,17.0,3.571,8.0,-4.0,4,2024-01-26_22-18-31
939,18.0,3.571,9.0,-4.0,4,2024-01-26_22-18-31
940,19.0,3.906,10.0,-4.0,4,2024-01-26_22-18-31
941,20.0,3.906,11.0,-4.0,4,2024-01-26_22-18-31
942,21.0,3.571,12.0,-4.0,4,2024-01-26_22-18-31
943,22.0,3.906,13.0,-4.0,4,2024-01-26_22-18-31
944,23.0,3.571,14.0,-4.0,4,2024-01-26_22-18-31
945,24.0,3.906,15.0,-4.0,4,2024-01-26_22-18-31
946,25.0,2.778,16.0,-4.0,4,2024-01-26_22-18-31
947,26.0,3.571,17.0,-4.0,4,2024-01-26_22-18-31
948,27.0,4.0,18.0,-4.0,4,2024-01-26_22-18-31
949,28.0,2.5,19.0,-4.0,4,2024-01-26_22-18-31
950,29.0,3.906,20.0,-4.0,4,2024-01-26_22-18-31
951,1.0,0.4,-5.0,-4.0,0,2024-01-26_23-31-32
952,2.0,-1.562,-4.0,-4.0,0,2024-01-26_23-31-32
953,3.0,3.571,-3.0,-4.0,0,2024-01-26_23-31-32
954,4.0,4.167,-2.0,-4.0,0,2024-01-26_23-31-32
955,5.0,3.125,-1.0,-4.0,0,2024-01-26_23-31-32
956,6.0,3.333,0.0,-4.0,0,2024-01-26_23-31-32
957,7.0,1.562,1.0,-4.0,0,2024-01-26_23-31-32
958,8.0,3.125,2.0,-4.0,0,2024-01-26_23-31-32
959,9.0,3.571,3.0,-4.0,0,2024-01-26_23-31-32
960,10.0,3.571,4.0,-4.0,0,2024-01-26_23-31-32
961,11.0,3.571,5.0,-4.0,0,2024-01-26_23-31-32
962,12.0,3.571,6.0,-4.0,0,2024-01-26_23-31-32
963,13.0,2.0,7.0,-4.0,0,2024-01-26_23-31-32
964,14.0,3.906,8.0,-4.0,0,2024-01-26_23-31-32
965,15.0,2.344,9.0,-4.0,0,2024-01-26_23-31-32
966,16.0,3.906,10.0,-4.0,0,2024-01-26_23-31-32
967,17.0,1.562,11.0,-4.0,0,2024-01-26_23-31-32
968,18.0,3.571,12.0,-4.0,0,2024-01-26_23-31-32
969,19.0,2.625,13.0,-4.0,0,2024-01-26_23-31-32
970,1.0,4.545,-4.0,4.0,4,2024-01-26_22-59-24
971,2.0,1.667,-3.0,4.0,4,2024-01-26_22-59-24
972,3.0,-0.455,-2.0,4.0,4,2024-01-26_22-59-24
973,4.0,-2.727,-1.0,4.0,4,2024-01-26_22-59-24
974,5.0,0.0,0.0,4.0,4,2024-01-26_22-59-24
975,6.0,3.75,1.0,4.0,4,2024-01-26_22-59-24
976,7.0,-0.364,,4.0,4,2024-01-26_22-59-24
977,8.0,-3.287,,4.0,4,2024-01-26_22-59-24
978,9.0,3.333,,4.0,4,2024-01-26_22-59-24
979,10.0,4.242,,4.0,4,2024-01-26_22-59-24
980,11.0,3.571,,4.0,4,2024-01-26_22-59-24
981,12.0,3.81,,4.0,4,2024-01-26_22-59-24
982,13.0,4.167,,4.0,4,2024-01-26_22-59-24
983,14.0,4.545,9.0,4.0,4,2024-01-26_22-59-24
984,15.0,3.5,10.0,4.0,4,2024-01-26_22-59-24
985,16.0,3.81,11.0,4.0,4,2024-01-26_22-59-24
986,17.0,3.333,12.0,4.0,4,2024-01-26_22-59-24
987,18.0,3.636,13.0,4.0,4,2024-01-26_22-59-24
988,19.0,3.333,14.0,4.0,4,2024-01-26_22-59-24
989,20.0,3.571,15.0,4.0,4,2024-01-26_22-59-24
990,21.0,2.4,16.0,4.0,4,2024-01-26_22-59-24
991,1.0,2.769,-5.0,-4.0,8,2024-01-26_23-31-01
992,2.0,-3.117,-4.0,-4.0,8,2024-01-26_23-31-01
993,3.0,2.545,-3.0,-4.0,8,2024-01-26_23-31-01
994,4.0,2.769,-2.0,-4.0,8,2024-01-26_23-31-01
995,5.0,3.571,-1.0,-4.0,8,2024-01-26_23-31-01
996,6.0,2.8,0.0,-4.0,8,2024-01-26_23-31-01
997,7.0,3.81,1.0,-4.0,8,2024-01-26_23-31-01
998,8.0,0.625,2.0,-4.0,8,2024-01-26_23-31-01
999,9.0,3.81,3.0,-4.0,8,2024-01-26_23-31-01
1000,10.0,3.636,4.0,-4.0,8,2024-01-26_23-31-01
1001,11.0,2.667,5.0,-4.0,8,2024-01-26_23-31-01
1002,12.0,1.667,6.0,-4.0,8,2024-01-26_23-31-01
1003,13.0,4.242,7.0,-4.0,8,2024-01-26_23-31-01
1004,14.0,2.5,8.0,-4.0,8,2024-01-26_23-31-01
1005,15.0,3.5,9.0,-4.0,8,2024-01-26_23-31-01
1006,16.0,3.333,10.0,-4.0,8,2024-01-26_23-31-01
1007,17.0,3.636,11.0,-4.0,8,2024-01-26_23-31-01
1008,18.0,2.479,12.0,-4.0,8,2024-01-26_23-31-01
1009,19.0,3.81,13.0,-4.0,8,2024-01-26_23-31-01
1010,20.0,2.727,14.0,-4.0,8,2024-01-26_23-31-01
1011,21.0,4.444,15.0,-4.0,8,2024-01-26_23-31-01
1012,22.0,3.81,16.0,-4.0,8,2024-01-26_23-31-01
1013,23.0,4.615,17.0,-4.0,8,2024-01-26_23-31-01
1014,1.0,0.429,-8.0,-3.0,2,2024-01-26_22-18-12
1015,2.0,3.571,-7.0,-3.0,2,2024-01-26_22-18-12
1016,3.0,-0.4,-6.0,-3.0,2,2024-01-26_22-18-12
1017,4.0,0.0,-5.0,-3.0,2,2024-01-26_22-18-12
1018,5.0,4.444,-4.0,-3.0,2,2024-01-26_22-18-12
1019,6.0,2.667,-3.0,-3.0,2,2024-01-26_22-18-12
1020,7.0,3.571,-2.0,-3.0,2,2024-01-26_22-18-12
1021,8.0,3.81,-1.0,-3.0,2,2024-01-26_22-18-12
1022,9.0,4.167,0.0,-3.0,2,2024-01-26_22-18-12
1023,10.0,2.597,1.0,-3.0,2,2024-01-26_22-18-12
1024,11.0,3.81,2.0,-3.0,2,2024-01-26_22-18-12
1025,12.0,0.25,3.0,-3.0,2,2024-01-26_22-18-12
1026,13.0,0.0,,-3.0,2,2024-01-26_22-18-12
1027,14.0,4.167,,-3.0,2,2024-01-26_22-18-12
1028,15.0,3.81,,-3.0,2,2024-01-26_22-18-12
1029,16.0,3.125,7.0,-3.0,2,2024-01-26_22-18-12
1030,17.0,3.125,8.0,-3.0,2,2024-01-26_22-18-12
1031,18.0,2.597,9.0,-3.0,2,2024-01-26_22-18-12
1032,1.0,1.25,-4.0,-4.0,6,2024-01-26_20-59-31
1033,2.0,3.571,-3.0,-4.0,6,2024-01-26_20-59-31
1034,3.0,3.333,-2.0,-4.0,6,2024-01-26_20-59-31
1035,4.0,3.5,-1.0,-4.0,6,2024-01-26_20-59-31
1036,5.0,4.375,0.0,-4.0,6,2024-01-26_20-59-31
1037,6.0,4.167,1.0,-4.0,6,2024-01-26_20-59-31
1038,7.0,2.857,2.0,-4.0,6,2024-01-26_20-59-31
1039,8.0,2.857,3.0,-4.0,6,2024-01-26_20-59-31
1040,9.0,3.571,4.0,-4.0,6,2024-01-26_20-59-31
1041,10.0,3.571,5.0,-4.0,6,2024-01-26_20-59-31
1042,11.0,3.571,6.0,-4.0,6,2024-01-26_20-59-31
1043,12.0,2.857,7.0,-4.0,6,2024-01-26_20-59-31
1044,13.0,4.545,8.0,-4.0,6,2024-01-26_20-59-31
1045,14.0,3.75,9.0,-4.0,6,2024-01-26_20-59-31
1046,15.0,1.562,10.0,-4.0,6,2024-01-26_20-59-31
1047,16.0,2.963,11.0,-4.0,6,2024-01-26_20-59-31
1048,17.0,3.125,12.0,-4.0,6,2024-01-26_20-59-31
1049,18.0,3.333,13.0,-4.0,6,2024-01-26_20-59-31
1050,1.0,-4.167,-14.0,-11.0,1,2024-01-26_20-00-00
1051,2.0,-1.333,-13.0,-11.0,1,2024-01-26_20-00-00
1052,3.0,1.562,-12.0,-11.0,1,2024-01-26_20-00-00
1053,4.0,-3.429,-11.0,-11.0,1,2024-01-26_20-00-00
1054,5.0,0.0,-10.0,-11.0,1,2024-01-26_20-00-00
1055,6.0,-3.571,-9.0,-11.0,1,2024-01-26_20-00-00
1056,7.0,0.0,-8.0,-11.0,1,2024-01-26_20-00-00
1057,8.0,4.286,-7.0,-11.0,1,2024-01-26_20-00-00
1058,9.0,0.0,-6.0,-11.0,1,2024-01-26_20-00-00
1059,10.0,4.444,-5.0,-11.0,1,2024-01-26_20-00-00
1060,11.0,4.0,-4.0,-11.0,1,2024-01-26_20-00-00
1061,12.0,3.571,-3.0,-11.0,1,2024-01-26_20-00-00
1062,13.0,3.571,-2.0,-11.0,1,2024-01-26_20-00-00
1063,14.0,3.571,-1.0,-11.0,1,2024-01-26_20-00-00
1064,15.0,3.571,0.0,-11.0,1,2024-01-26_20-00-00
1065,16.0,-4.286,,-11.0,1,2024-01-26_20-00-00
1066,17.0,3.889,,-11.0,1,2024-01-26_20-00-00
1067,18.0,4.375,,-11.0,1,2024-01-26_20-00-00
1068,19.0,3.571,,-11.0,1,2024-01-26_20-00-00
1069,20.0,3.81,,-11.0,1,2024-01-26_20-00-00
1070,21.0,3.571,,-11.0,1,2024-01-26_20-00-00
1071,22.0,0.0,,-11.0,1,2024-01-26_20-00-00
1072,23.0,-2.727,,-11.0,1,2024-01-26_20-00-00
1073,24.0,0.0,,-11.0,1,2024-01-26_20-00-00
1074,25.0,-0.694,,-11.0,1,2024-01-26_20-00-00
1075,26.0,0.0,,-11.0,1,2024-01-26_20-00-00
1076,1.0,-1.75,-18.0,-12.0,7,2024-01-26_21-00-49
1077,2.0,3.81,-17.0,-12.0,7,2024-01-26_21-00-49
1078,3.0,3.333,-16.0,-12.0,7,2024-01-26_21-00-49
1079,4.0,0.0,-15.0,-12.0,7,2024-01-26_21-00-49
1080,5.0,-3.333,-14.0,-12.0,7,2024-01-26_21-00-49
1081,6.0,-1.143,-13.0,-12.0,7,2024-01-26_21-00-49
1082,7.0,3.81,-12.0,-12.0,7,2024-01-26_21-00-49
1083,8.0,-0.571,-11.0,-12.0,7,2024-01-26_21-00-49
1084,9.0,3.429,-10.0,-12.0,7,2024-01-26_21-00-49
1085,10.0,0.0,-9.0,-12.0,7,2024-01-26_21-00-49
1086,11.0,-3.81,-8.0,-12.0,7,2024-01-26_21-00-49
1087,12.0,3.333,-7.0,-12.0,7,2024-01-26_21-00-49
1088,13.0,-1.31,-6.0,-12.0,7,2024-01-26_21-00-49
1089,14.0,2.667,-5.0,-12.0,7,2024-01-26_21-00-49
1090,15.0,-3.81,-4.0,-12.0,7,2024-01-26_21-00-49
1091,16.0,3.125,-3.0,-12.0,7,2024-01-26_21-00-49
1092,17.0,1.667,-2.0,-12.0,7,2024-01-26_21-00-49
1093,18.0,2.5,-1.0,-12.0,7,2024-01-26_21-00-49
1094,19.0,1.667,0.0,-12.0,7,2024-01-26_21-00-49
1095,20.0,3.571,1.0,-12.0,7,2024-01-26_21-00-49
1096,21.0,-3.81,2.0,-12.0,7,2024-01-26_21-00-49
1097,22.0,1.364,3.0,-12.0,7,2024-01-26_21-00-49
1098,23.0,3.81,4.0,-12.0,7,2024-01-26_21-00-49
1099,24.0,3.125,5.0,-12.0,7,2024-01-26_21-00-49
